Event,Name,Donation Made To,Date,Value
2025 Federal Election,ACY Securities Pty Ltd,"YIN, Andy",18/02/2025,2400
2025 Federal Election,ACY Securities Pty Ltd,"YIN, Andy",1/04/2025,20000
2025 Federal Election,ACY Securities Pty Ltd,"YIN, Andy",14/04/2025,15000
2025 Federal Election,ACY Securities Pty Ltd,"YIN, Andy",1/05/2025,15000
2025 Federal Election,"Allen, Roger","STEGGALL, Zali",5/05/2025,30000
2025 Federal Election,Allira Holdings Pty Ltd,"SPENDER, Allegra May",27/11/2024,20000
2025 Federal Election,"Badger, Keith and Debby","DANIEL, Zoe",20/09/2024,10000
2025 Federal Election,"Badger, Keith and Debby","DANIEL, Zoe",25/02/2025,400
2025 Federal Election,"Badger, Keith and Debby","DANIEL, Zoe",12/03/2025,10000
2025 Federal Election,"Badger, Keith and Debby","DANIEL, Zoe",5/04/2025,3500
2025 Federal Election,"Badger, Keith and Debby","DANIEL, Zoe",3/05/2025,1668
2025 Federal Election,"bell, leonie","HEISE, Carolyn Gai",4/12/2024,20000
2025 Federal Election,"bell, leonie","BOELE, Nicolette",11/12/2024,20000
2025 Federal Election,"bell, leonie","DANIEL, Zoe",23/01/2025,10000
2025 Federal Election,"bell, leonie","SPENDER, Allegra May",23/01/2025,10000
2025 Federal Election,"bell, leonie","CHANEY, Katherine Ella",30/01/2025,10000
2025 Federal Election,"bell, leonie","RYAN, Monique Marie",14/02/2025,10000
2025 Federal Election,"bell, leonie","STEGGALL, Zali",14/02/2025,10000
2025 Federal Election,"bell, leonie","SMITH, Eleanor",19/02/2025,20000
2025 Federal Election,"bell, leonie","SCAMPS, Sophie Anna",23/02/2025,10000
2025 Federal Election,"Briggs, Franklin","RYAN, Monique Marie",7/03/2025,5000
2025 Federal Election,"Briggs, Franklin","RYAN, Monique Marie",23/03/2025,5000
2025 Federal Election,"Briggs, Franklin","RYAN, Monique Marie",24/03/2025,10000
2025 Federal Election,"Britton, Sharon","BRITTON, Benjamin John",3/04/2025,700
2025 Federal Election,"Britton, Sharon","BRITTON, Benjamin John",3/04/2025,735
2025 Federal Election,"Britton, Sharon","BRITTON, Benjamin John",10/04/2025,1716
2025 Federal Election,"Britton, Sharon","BRITTON, Benjamin John",11/04/2025,400
2025 Federal Election,"Britton, Sharon","BRITTON, Benjamin John",11/04/2025,300
2025 Federal Election,"Britton, Sharon","BRITTON, Benjamin John",14/04/2025,200
2025 Federal Election,"Britton, Sharon","BRITTON, Benjamin John",14/04/2025,326
2025 Federal Election,"Britton, Sharon","BRITTON, Benjamin John",14/04/2025,524
2025 Federal Election,"Britton, Sharon","BRITTON, Benjamin John",14/04/2025,328
2025 Federal Election,"Britton, Sharon","BRITTON, Benjamin John",16/04/2025,2612
2025 Federal Election,"Britton, Sharon","BRITTON, Benjamin John",16/04/2025,5417
2025 Federal Election,"Britton, Sharon","BRITTON, Benjamin John",25/04/2025,590
2025 Federal Election,"Britton, Sharon","BRITTON, Benjamin John",26/04/2025,139
2025 Federal Election,"Britton, Sharon","BRITTON, Benjamin John",30/04/2025,19690
2025 Federal Election,"Britton, Sharon","BRITTON, Benjamin John",30/04/2025,1302
2025 Federal Election,"Britton, Sharon","BRITTON, Benjamin John",2/05/2025,1956
2025 Federal Election,"Britton, Sharon","BRITTON, Benjamin John",2/05/2025,300
2025 Federal Election,"Burdett, John","DANIEL, Zoe",19/09/2024,10000
2025 Federal Election,"Burdett, John","DANIEL, Zoe",3/03/2025,50
2025 Federal Election,"Burdett, John","DANIEL, Zoe",17/03/2025,15000
2025 Federal Election,"Burns, Dora","DANIEL, Zoe",12/09/2024,5000
2025 Federal Election,"Burns, Dora","DANIEL, Zoe",6/03/2025,2500
2025 Federal Election,"Burns, Dora","DANIEL, Zoe",9/04/2025,12500
2025 Federal Election,"Burton, Katrina","CHANEY, Katherine Ella",20/09/2024,5000
2025 Federal Election,"Burton, Katrina","CHANEY, Katherine Ella",6/12/2024,7000
2025 Federal Election,"Burton, Katrina","CHANEY, Katherine Ella",5/02/2025,5000
2025 Federal Election,"Catsaras, Nicholas","STEGGALL, Zali",27/05/2025,30000
2025 Federal Election,"Chaney, Michael","CHANEY, Katherine Ella",12/12/2024,25000
2025 Federal Election,"Charles, Stephen","DANIEL, Zoe",12/12/2024,2000
2025 Federal Election,"Charles, Stephen","DANIEL, Zoe",24/03/2025,5000
2025 Federal Election,"Charles, Stephen","DANIEL, Zoe",7/04/2025,5000
2025 Federal Election,"Charles, Stephen","DANIEL, Zoe",24/04/2025,5000
2025 Federal Election,Climate 200 Pty Limited,"HAINES, Helen Mary",24/06/2024,15000
2025 Federal Election,Climate 200 Pty Limited,"DYSON, Alexander Edward",26/06/2024,1500
2025 Federal Election,Climate 200 Pty Limited,"DANIEL, Zoe",1/07/2024,10000
2025 Federal Election,Climate 200 Pty Limited,"CHANEY, Katherine Ella",5/07/2024,6000
2025 Federal Election,Climate 200 Pty Limited,"SCAMPS, Sophie Anna",10/07/2024,42200
2025 Federal Election,Climate 200 Pty Limited,"SCAMPS, Sophie Anna",15/07/2024,29000
2025 Federal Election,Climate 200 Pty Limited,"SPENDER, Allegra May",15/07/2024,39000
2025 Federal Election,Climate 200 Pty Limited,"WILKIE, Andrew Damien",14/08/2024,30000
2025 Federal Election,Climate 200 Pty Limited,"HOOK, Kathleen Louise",19/08/2024,17300
2025 Federal Election,Climate 200 Pty Limited,"DYSON, Alexander Edward",27/08/2024,1
2025 Federal Election,Climate 200 Pty Limited,"DYSON, Alexander Edward",27/08/2024,94100
2025 Federal Election,Climate 200 Pty Limited,"FERRES MILES, Claire Jennifer",27/08/2024,1
2025 Federal Election,Climate 200 Pty Limited,"FERRES MILES, Claire Jennifer",27/08/2024,97619
2025 Federal Election,Climate 200 Pty Limited,"CHANEY, Katherine Ella",28/08/2024,30000
2025 Federal Election,Climate 200 Pty Limited,"CHANEY, Katherine Ella",28/08/2024,59125
2025 Federal Election,Climate 200 Pty Limited,"DANIEL, Zoe",1/09/2024,20000
2025 Federal Election,Climate 200 Pty Limited,"DANIEL, Zoe",2/09/2024,30000
2025 Federal Election,Climate 200 Pty Limited,"HAINES, Helen Mary",2/09/2024,15000
2025 Federal Election,Climate 200 Pty Limited,"DYSON, Alexander Edward",3/09/2024,10560
2025 Federal Election,Climate 200 Pty Limited,"SCAMPS, Sophie Anna",3/09/2024,1
2025 Federal Election,Climate 200 Pty Limited,"SCAMPS, Sophie Anna",3/09/2024,30000
2025 Federal Election,Climate 200 Pty Limited,"HEISE, Carolyn Gai",9/09/2024,1
2025 Federal Election,Climate 200 Pty Limited,"HEISE, Carolyn Gai",9/09/2024,110633
2025 Federal Election,Climate 200 Pty Limited,"SCAMPS, Sophie Anna",17/09/2024,20000
2025 Federal Election,Climate 200 Pty Limited,"SHARKIE, Rebekha Carina Che",18/09/2024,30000
2025 Federal Election,Climate 200 Pty Limited,"SHARKIE, Rebekha Carina Che",18/09/2024,1
2025 Federal Election,Climate 200 Pty Limited,"SCAMPS, Sophie Anna",20/09/2024,2200
2025 Federal Election,Climate 200 Pty Limited,"HEISE, Carolyn Gai",23/09/2024,2964
2025 Federal Election,Climate 200 Pty Limited,"DANIEL, Zoe",1/10/2024,20000
2025 Federal Election,Climate 200 Pty Limited,"RYAN, Monique Marie",4/10/2024,30000
2025 Federal Election,Climate 200 Pty Limited,"RYAN, Monique Marie",7/10/2024,50000
2025 Federal Election,Climate 200 Pty Limited,"LEONARD, Deborah Louise",8/10/2024,21340
2025 Federal Election,Climate 200 Pty Limited,"LEONARD, Deborah Louise",9/10/2024,1
2025 Federal Election,Climate 200 Pty Limited,"DANIEL, Zoe",16/10/2024,2000
2025 Federal Election,Climate 200 Pty Limited,"WILKIE, Andrew Damien",16/10/2024,2000
2025 Federal Election,Climate 200 Pty Limited,"COOPER, Verity Jane",21/10/2024,20000
2025 Federal Election,Climate 200 Pty Limited,"SPENDER, Allegra May",21/10/2024,30000
2025 Federal Election,Climate 200 Pty Limited,"WIIG, Francine Clare",21/10/2024,1
2025 Federal Election,Climate 200 Pty Limited,"WIIG, Francine Clare",21/10/2024,20000
2025 Federal Election,Climate 200 Pty Limited,"COOPER, Verity Jane",23/10/2024,1
2025 Federal Election,Climate 200 Pty Limited,"MILTHORPE, Michelle Marie",4/11/2024,40000
2025 Federal Election,Climate 200 Pty Limited,"MILTHORPE, Michelle Marie",6/11/2024,1
2025 Federal Election,Climate 200 Pty Limited,"HEISE, Carolyn Gai",7/11/2024,30000
2025 Federal Election,Climate 200 Pty Limited,"HOOK, Kathleen Louise",11/11/2024,50000
2025 Federal Election,Climate 200 Pty Limited,"MURRAY-BARTLETT, Erchana",12/11/2024,50280
2025 Federal Election,Climate 200 Pty Limited,"SCAMPS, Sophie Anna",18/11/2024,80000
2025 Federal Election,Climate 200 Pty Limited,"HEISE, Carolyn Gai",20/11/2024,65000
2025 Federal Election,Climate 200 Pty Limited,"KUSS, Anita",20/11/2024,1
2025 Federal Election,Climate 200 Pty Limited,"KUSS, Anita",20/11/2024,33000
2025 Federal Election,Climate 200 Pty Limited,"LEONARD, Deborah Louise",20/11/2024,38000
2025 Federal Election,Climate 200 Pty Limited,"LEONARD, Deborah Louise",25/11/2024,19000
2025 Federal Election,Climate 200 Pty Limited,"COOPER, Verity Jane",26/11/2024,10000
2025 Federal Election,Climate 200 Pty Limited,"SPENDER, Allegra May",26/11/2024,100000
2025 Federal Election,Climate 200 Pty Limited,"DANIEL, Zoe",27/11/2024,200
2025 Federal Election,Climate 200 Pty Limited,"HOOK, Kathleen Louise",27/11/2024,10000
2025 Federal Election,Climate 200 Pty Limited,"WILKIE, Andrew Damien",27/11/2024,200
2025 Federal Election,Climate 200 Pty Limited,"RYAN, Monique Marie",29/11/2024,100000
2025 Federal Election,Climate 200 Pty Limited,"HOOK, Kathleen Louise",2/12/2024,10000
2025 Federal Election,Climate 200 Pty Limited,"MURRAY-BARTLETT, Erchana",2/12/2024,16500
2025 Federal Election,Climate 200 Pty Limited,"DYSON, Alexander Edward",3/12/2024,45000
2025 Federal Election,Climate 200 Pty Limited,"MILTHORPE, Michelle Marie",3/12/2024,50000
2025 Federal Election,Climate 200 Pty Limited,"HOOK, Kathleen Louise",4/12/2024,10000
2025 Federal Election,Climate 200 Pty Limited,"MURRAY-BARTLETT, Erchana",4/12/2024,50000
2025 Federal Election,Climate 200 Pty Limited,"DYSON, Alexander Edward",6/12/2024,3366
2025 Federal Election,Climate 200 Pty Limited,"LEONARD, Deborah Louise",6/12/2024,3366
2025 Federal Election,Climate 200 Pty Limited,"SMITH, Benjamin John",6/12/2024,3366
2025 Federal Election,Climate 200 Pty Limited,"PRICE, Jessie Ann",10/12/2024,30586
2025 Federal Election,Climate 200 Pty Limited,"SMITH, Benjamin John",10/12/2024,1
2025 Federal Election,Climate 200 Pty Limited,"HOOK, Kathleen Louise",11/12/2024,10000
2025 Federal Election,Climate 200 Pty Limited,"MURRAY-BARTLETT, Erchana",11/12/2024,100000
2025 Federal Election,Climate 200 Pty Limited,"PRICE, Jessie Ann",11/12/2024,1
2025 Federal Election,Climate 200 Pty Limited,"SMITH, Benjamin John",11/12/2024,30000
2025 Federal Election,Climate 200 Pty Limited,"BROWN, Tina",16/12/2024,2893
2025 Federal Election,Climate 200 Pty Limited,"BROWN, Tina",16/12/2024,607
2025 Federal Election,Climate 200 Pty Limited,"CHAPMAN, Susan Margaret",16/12/2024,2893
2025 Federal Election,Climate 200 Pty Limited,"CHAPMAN, Susan Margaret",16/12/2024,607
2025 Federal Election,Climate 200 Pty Limited,"COOPER, Verity Jane",16/12/2024,642
2025 Federal Election,Climate 200 Pty Limited,"FERRES MILES, Claire Jennifer",16/12/2024,2893
2025 Federal Election,Climate 200 Pty Limited,"FERRES MILES, Claire Jennifer",16/12/2024,607
2025 Federal Election,Climate 200 Pty Limited,"HOOK, Kathleen Louise",16/12/2024,642
2025 Federal Election,Climate 200 Pty Limited,"JONES, Keryn Louise",16/12/2024,2893
2025 Federal Election,Climate 200 Pty Limited,"JONES, Keryn Louise",16/12/2024,642
2025 Federal Election,Climate 200 Pty Limited,"JONES, Keryn Louise",16/12/2024,607
2025 Federal Election,Climate 200 Pty Limited,"MILLER, Jeremy John",16/12/2024,607
2025 Federal Election,Climate 200 Pty Limited,"MILLER, Jeremy John",16/12/2024,2893
2025 Federal Election,Climate 200 Pty Limited,"MILTHORPE, Michelle Marie",16/12/2024,607
2025 Federal Election,Climate 200 Pty Limited,"MILTHORPE, Michelle Marie",16/12/2024,2893
2025 Federal Election,Climate 200 Pty Limited,"PRICE, Jessie Ann",16/12/2024,2883
2025 Federal Election,Climate 200 Pty Limited,"PRICE, Jessie Ann",16/12/2024,617
2025 Federal Election,Climate 200 Pty Limited,"SMITH, Benjamin John",16/12/2024,2893
2025 Federal Election,Climate 200 Pty Limited,"SMITH, Benjamin John",16/12/2024,607
2025 Federal Election,Climate 200 Pty Limited,"BROWN, Tina",18/12/2024,1
2025 Federal Election,Climate 200 Pty Limited,"HOOK, Kathleen Louise",18/12/2024,12000
2025 Federal Election,Climate 200 Pty Limited,"MILLER, Jeremy John",18/12/2024,1
2025 Federal Election,Climate 200 Pty Limited,"MILLER, Jeremy John",18/12/2024,16150
2025 Federal Election,Climate 200 Pty Limited,"SCAMPS, Sophie Anna",18/12/2024,120000
2025 Federal Election,Climate 200 Pty Limited,"CHANEY, Katherine Ella",20/12/2024,30000
2025 Federal Election,Climate 200 Pty Limited,"DANIEL, Zoe",20/12/2024,100000
2025 Federal Election,Climate 200 Pty Limited,"JONES, Keryn Louise",20/12/2024,74999
2025 Federal Election,Climate 200 Pty Limited,"JONES, Keryn Louise",20/12/2024,1
2025 Federal Election,Climate 200 Pty Limited,"BROWN, Tina",24/12/2024,115000
2025 Federal Election,Climate 200 Pty Limited,"HOLT, Suzanne Jan",24/12/2024,50000
2025 Federal Election,Climate 200 Pty Limited,"CHANEY, Katherine Ella",27/12/2024,50000
2025 Federal Election,Climate 200 Pty Limited,"CHANEY, Katherine Ella",30/12/2024,40000
2025 Federal Election,Climate 200 Pty Limited,"DANIEL, Zoe",30/12/2024,40000
2025 Federal Election,Climate 200 Pty Limited,"DYSON, Alexander Edward",30/12/2024,50000
2025 Federal Election,Climate 200 Pty Limited,"HEISE, Carolyn Gai",30/12/2024,50000
2025 Federal Election,Climate 200 Pty Limited,"HOOK, Kathleen Louise",30/12/2024,30000
2025 Federal Election,Climate 200 Pty Limited,"LEONARD, Deborah Louise",30/12/2024,30000
2025 Federal Election,Climate 200 Pty Limited,"RYAN, Monique Marie",30/12/2024,40000
2025 Federal Election,Climate 200 Pty Limited,"SCAMPS, Sophie Anna",30/12/2024,40000
2025 Federal Election,Climate 200 Pty Limited,"SMITH, Benjamin John",30/12/2024,30000
2025 Federal Election,Climate 200 Pty Limited,"SPENDER, Allegra May",30/12/2024,40000
2025 Federal Election,Climate 200 Pty Limited,"MILLER, Jeremy John",6/01/2025,38000
2025 Federal Election,Climate 200 Pty Limited,"COOPER, Verity Jane",9/01/2025,1
2025 Federal Election,Climate 200 Pty Limited,"COOPER, Verity Jane",13/01/2025,66201
2025 Federal Election,Climate 200 Pty Limited,"RYAN, Monique Marie",13/01/2025,41392
2025 Federal Election,Climate 200 Pty Limited,"SPENDER, Allegra May",13/01/2025,41392
2025 Federal Election,Climate 200 Pty Limited,"BARTON, Nathan",15/01/2025,1
2025 Federal Election,Climate 200 Pty Limited,"BARTON, Nathan",15/01/2025,2400
2025 Federal Election,Climate 200 Pty Limited,"CHAPMAN, Susan Margaret",15/01/2025,1
2025 Federal Election,Climate 200 Pty Limited,"CHAPMAN, Susan Margaret",15/01/2025,30000
2025 Federal Election,Climate 200 Pty Limited,"HEISE, Carolyn Gai",15/01/2025,50000
2025 Federal Election,Climate 200 Pty Limited,"MURRAY-BARTLETT, Erchana",15/01/2025,75000
2025 Federal Election,Climate 200 Pty Limited,"SMITH, Eleanor",15/01/2025,50000
2025 Federal Election,Climate 200 Pty Limited,"ARROWSMITH, Nicole",16/01/2025,607
2025 Federal Election,Climate 200 Pty Limited,"ARROWSMITH, Nicole",16/01/2025,2893
2025 Federal Election,Climate 200 Pty Limited,"COOPER, Verity Jane",16/01/2025,607
2025 Federal Election,Climate 200 Pty Limited,"COOPER, Verity Jane",16/01/2025,2893
2025 Federal Election,Climate 200 Pty Limited,"DYSON, Alexander Edward",16/01/2025,607
2025 Federal Election,Climate 200 Pty Limited,"DYSON, Alexander Edward",16/01/2025,2893
2025 Federal Election,Climate 200 Pty Limited,"KUSS, Anita",16/01/2025,2893
2025 Federal Election,Climate 200 Pty Limited,"KUSS, Anita",16/01/2025,607
2025 Federal Election,Climate 200 Pty Limited,"MURRAY-BARTLETT, Erchana",16/01/2025,607
2025 Federal Election,Climate 200 Pty Limited,"MURRAY-BARTLETT, Erchana",16/01/2025,2893
2025 Federal Election,Climate 200 Pty Limited,"ROLFE, Jenny Lee",16/01/2025,2893
2025 Federal Election,Climate 200 Pty Limited,"ROLFE, Jenny Lee",16/01/2025,607
2025 Federal Election,Climate 200 Pty Limited,"WIIG, Francine Clare",16/01/2025,607
2025 Federal Election,Climate 200 Pty Limited,"WIIG, Francine Clare",16/01/2025,2893
2025 Federal Election,Climate 200 Pty Limited,"BARTON, Nathan",17/01/2025,1815
2025 Federal Election,Climate 200 Pty Limited,"BROWN, Tina",17/01/2025,3025
2025 Federal Election,Climate 200 Pty Limited,"CHANEY, Katherine Ella",17/01/2025,297
2025 Federal Election,Climate 200 Pty Limited,"DANIEL, Zoe",17/01/2025,275
2025 Federal Election,Climate 200 Pty Limited,"HAINES, Helen Mary",17/01/2025,288
2025 Federal Election,Climate 200 Pty Limited,"HOOK, Kathleen Louise",17/01/2025,288
2025 Federal Election,Climate 200 Pty Limited,"JONES, Keryn Louise",17/01/2025,288
2025 Federal Election,Climate 200 Pty Limited,"LEONARD, Deborah Louise",17/01/2025,288
2025 Federal Election,Climate 200 Pty Limited,"MURRAY-BARTLETT, Erchana",17/01/2025,297
2025 Federal Election,Climate 200 Pty Limited,"RYAN, Monique Marie",17/01/2025,299
2025 Federal Election,Climate 200 Pty Limited,"SMITH, Benjamin John",17/01/2025,288
2025 Federal Election,Climate 200 Pty Limited,"SMITH, Eleanor",17/01/2025,1815
2025 Federal Election,Climate 200 Pty Limited,"SPENDER, Allegra May",17/01/2025,288
2025 Federal Election,Climate 200 Pty Limited,"WILKIE, Andrew Damien",17/01/2025,292
2025 Federal Election,Climate 200 Pty Limited,"ARROWSMITH, Nicole",20/01/2025,1
2025 Federal Election,Climate 200 Pty Limited,"ARROWSMITH, Nicole",20/01/2025,50000
2025 Federal Election,Climate 200 Pty Limited,"HOOK, Kathleen Louise",20/01/2025,35000
2025 Federal Election,Climate 200 Pty Limited,"LEONARD, Deborah Louise",22/01/2025,106000
2025 Federal Election,Climate 200 Pty Limited,"SMITH, Benjamin John",22/01/2025,40000
2025 Federal Election,Climate 200 Pty Limited,"WIIG, Francine Clare",22/01/2025,80000
2025 Federal Election,Climate 200 Pty Limited,"WIIG, Francine Clare",22/01/2025,1
2025 Federal Election,Climate 200 Pty Limited,"BARTON, Nathan",28/01/2025,30000
2025 Federal Election,Climate 200 Pty Limited,"SCAMPS, Sophie Anna",28/01/2025,20000
2025 Federal Election,Climate 200 Pty Limited,"CHANEY, Katherine Ella",31/01/2025,50000
2025 Federal Election,Climate 200 Pty Limited,"CHANEY, Katherine Ella",31/01/2025,50000
2025 Federal Election,Climate 200 Pty Limited,"CHAPMAN, Susan Margaret",31/01/2025,1650
2025 Federal Election,Climate 200 Pty Limited,"DANIEL, Zoe",31/01/2025,60000
2025 Federal Election,Climate 200 Pty Limited,"DYSON, Alexander Edward",31/01/2025,4217
2025 Federal Election,Climate 200 Pty Limited,"DYSON, Alexander Edward",31/01/2025,440
2025 Federal Election,Climate 200 Pty Limited,"MILTHORPE, Michelle Marie",31/01/2025,5062
2025 Federal Election,Climate 200 Pty Limited,"SCAMPS, Sophie Anna",31/01/2025,60000
2025 Federal Election,Climate 200 Pty Limited,"SMITH, Benjamin John",31/01/2025,23
2025 Federal Election,Climate 200 Pty Limited,"CHANEY, Katherine Ella",1/02/2025,19690
2025 Federal Election,Climate 200 Pty Limited,"FERRES MILES, Claire Jennifer",1/02/2025,14850
2025 Federal Election,Climate 200 Pty Limited,"HEISE, Carolyn Gai",1/02/2025,23335
2025 Federal Election,Climate 200 Pty Limited,"HOOK, Kathleen Louise",1/02/2025,27195
2025 Federal Election,Climate 200 Pty Limited,"LEONARD, Deborah Louise",1/02/2025,22001
2025 Federal Election,Climate 200 Pty Limited,"MILLER, Jeremy John",1/02/2025,13938
2025 Federal Election,Climate 200 Pty Limited,"MILTHORPE, Michelle Marie",1/02/2025,20835
2025 Federal Election,Climate 200 Pty Limited,"RYAN, Monique Marie",1/02/2025,14850
2025 Federal Election,Climate 200 Pty Limited,"SMITH, Benjamin John",1/02/2025,4860
2025 Federal Election,Climate 200 Pty Limited,"HEISE, Carolyn Gai",4/02/2025,200000
2025 Federal Election,Climate 200 Pty Limited,"HOOK, Kathleen Louise",4/02/2025,100000
2025 Federal Election,Climate 200 Pty Limited,"JONES, Keryn Louise",4/02/2025,75000
2025 Federal Election,Climate 200 Pty Limited,"LEONARD, Deborah Louise",4/02/2025,150000
2025 Federal Election,Climate 200 Pty Limited,"NESS, Jessica Helen Jane",4/02/2025,1
2025 Federal Election,Climate 200 Pty Limited,"NESS, Jessica Helen Jane",4/02/2025,10000
2025 Federal Election,Climate 200 Pty Limited,"SMITH, Benjamin John",4/02/2025,150000
2025 Federal Election,Climate 200 Pty Limited,"GEORGE, Peter Antony",7/02/2025,30000
2025 Federal Election,Climate 200 Pty Limited,"GEORGE, Peter Antony",7/02/2025,1
2025 Federal Election,Climate 200 Pty Limited,"JONES, Keryn Louise",9/02/2025,30000
2025 Federal Election,Climate 200 Pty Limited,"SMITH, Eleanor",9/02/2025,70000
2025 Federal Election,Climate 200 Pty Limited,"CHAPMAN, Susan Margaret",10/02/2025,642
2025 Federal Election,Climate 200 Pty Limited,"KUSS, Anita",10/02/2025,642
2025 Federal Election,Climate 200 Pty Limited,"WIIG, Francine Clare",10/02/2025,642
2025 Federal Election,Climate 200 Pty Limited,"MURRAY-BARTLETT, Erchana",12/02/2025,50000
2025 Federal Election,Climate 200 Pty Limited,"NESS, Jessica Helen Jane",12/02/2025,1000
2025 Federal Election,Climate 200 Pty Limited,"SCAMPS, Sophie Anna",13/02/2025,50000
2025 Federal Election,Climate 200 Pty Limited,"SMITH, Eleanor",13/02/2025,20000
2025 Federal Election,Climate 200 Pty Limited,"DYSON, Alexander Edward",14/02/2025,1
2025 Federal Election,Climate 200 Pty Limited,"DANIEL, Zoe",17/02/2025,100000
2025 Federal Election,Climate 200 Pty Limited,"DEZARNAULDS, Katherine Louise",17/02/2025,30000
2025 Federal Election,Climate 200 Pty Limited,"DEZARNAULDS, Katherine Louise",17/02/2025,1
2025 Federal Election,Climate 200 Pty Limited,"KUSS, Anita",17/02/2025,1
2025 Federal Election,Climate 200 Pty Limited,"KUSS, Anita",17/02/2025,1
2025 Federal Election,Climate 200 Pty Limited,"ROLFE, Jenny Lee",17/02/2025,1
2025 Federal Election,Climate 200 Pty Limited,"SCOTT, Phillip Stephen",17/02/2025,1
2025 Federal Election,Climate 200 Pty Limited,"SCOTT, Phillip Stephen",17/02/2025,100000
2025 Federal Election,Climate 200 Pty Limited,"SCOTT, Phillip Stephen",17/02/2025,20000
2025 Federal Election,Climate 200 Pty Limited,"DYSON, Alexander Edward",19/02/2025,60000
2025 Federal Election,Climate 200 Pty Limited,"HEISE, Carolyn Gai",19/02/2025,75000
2025 Federal Election,Climate 200 Pty Limited,"CHANEY, Katherine Ella",21/02/2025,2200
2025 Federal Election,Climate 200 Pty Limited,"ROLFE, Jenny Lee",24/02/2025,24978
2025 Federal Election,Climate 200 Pty Limited,"SCAMPS, Sophie Anna",24/02/2025,50000
2025 Federal Election,Climate 200 Pty Limited,"SMITH, Benjamin John",24/02/2025,15000
2025 Federal Election,Climate 200 Pty Limited,"SMITH, Eleanor",24/02/2025,100000
2025 Federal Election,Climate 200 Pty Limited,"WIIG, Francine Clare",24/02/2025,22000
2025 Federal Election,Climate 200 Pty Limited,"ARROWSMITH, Nicole",26/02/2025,10000
2025 Federal Election,Climate 200 Pty Limited,"CHAPMAN, Susan Margaret",26/02/2025,330
2025 Federal Election,Climate 200 Pty Limited,"CHAPMAN, Susan Margaret",26/02/2025,41130
2025 Federal Election,Climate 200 Pty Limited,"DYSON, Alexander Edward",26/02/2025,3547
2025 Federal Election,Climate 200 Pty Limited,"DYSON, Alexander Edward",26/02/2025,11506
2025 Federal Election,Climate 200 Pty Limited,"HEISE, Carolyn Gai",26/02/2025,660
2025 Federal Election,Climate 200 Pty Limited,"HEISE, Carolyn Gai",26/02/2025,150000
2025 Federal Election,Climate 200 Pty Limited,"JONES, Keryn Louise",26/02/2025,30000
2025 Federal Election,Climate 200 Pty Limited,"LEONARD, Deborah Louise",26/02/2025,11506
2025 Federal Election,Climate 200 Pty Limited,"LEONARD, Deborah Louise",26/02/2025,3892
2025 Federal Election,Climate 200 Pty Limited,"MILLER, Jeremy John",26/02/2025,31000
2025 Federal Election,Climate 200 Pty Limited,"MURRAY-BARTLETT, Erchana",26/02/2025,100000
2025 Federal Election,Climate 200 Pty Limited,"CHAPMAN, Susan Margaret",28/02/2025,18965
2025 Federal Election,Climate 200 Pty Limited,"DYSON, Alexander Edward",28/02/2025,42330
2025 Federal Election,Climate 200 Pty Limited,"DYSON, Alexander Edward",28/02/2025,374
2025 Federal Election,Climate 200 Pty Limited,"JONES, Keryn Louise",28/02/2025,15776
2025 Federal Election,Climate 200 Pty Limited,"LEONARD, Deborah Louise",28/02/2025,22159
2025 Federal Election,Climate 200 Pty Limited,"SMITH, Benjamin John",28/02/2025,3231
2025 Federal Election,Climate 200 Pty Limited,"DYSON, Alexander Edward",3/03/2025,50792
2025 Federal Election,Climate 200 Pty Limited,"MURRAY-BARTLETT, Erchana",3/03/2025,1
2025 Federal Election,Climate 200 Pty Limited,"SMITH, Benjamin John",3/03/2025,116124
2025 Federal Election,Climate 200 Pty Limited,"BARTON, Nathan",11/03/2025,6000
2025 Federal Election,Climate 200 Pty Limited,"CHAPMAN, Susan Margaret",11/03/2025,6000
2025 Federal Election,Climate 200 Pty Limited,"FERRES MILES, Claire Jennifer",11/03/2025,6000
2025 Federal Election,Climate 200 Pty Limited,"HEISE, Carolyn Gai",11/03/2025,6000
2025 Federal Election,Climate 200 Pty Limited,"HOOK, Kathleen Louise",11/03/2025,6000
2025 Federal Election,Climate 200 Pty Limited,"LEONARD, Deborah Louise",12/03/2025,57120
2025 Federal Election,Climate 200 Pty Limited,"SPENDER, Allegra May",12/03/2025,39000
2025 Federal Election,Climate 200 Pty Limited,"ARROWSMITH, Nicole",13/03/2025,6000
2025 Federal Election,Climate 200 Pty Limited,"DYSON, Alexander Edward",13/03/2025,6000
2025 Federal Election,Climate 200 Pty Limited,"JONES, Keryn Louise",13/03/2025,6000
2025 Federal Election,Climate 200 Pty Limited,"LEONARD, Deborah Louise",13/03/2025,18376
2025 Federal Election,Climate 200 Pty Limited,"MURRAY-BARTLETT, Erchana",13/03/2025,6000
2025 Federal Election,Climate 200 Pty Limited,"WIIG, Francine Clare",13/03/2025,6000
2025 Federal Election,Climate 200 Pty Limited,"DANIEL, Zoe",14/03/2025,6000
2025 Federal Election,Climate 200 Pty Limited,"RYAN, Monique Marie",14/03/2025,6000
2025 Federal Election,Climate 200 Pty Limited,"SCAMPS, Sophie Anna",14/03/2025,6000
2025 Federal Election,Climate 200 Pty Limited,"KUSS, Anita",17/03/2025,100000
2025 Federal Election,Climate 200 Pty Limited,"SMITH, Benjamin John",24/03/2025,200000
2025 Federal Election,Climate 200 Pty Limited,"GEORGE, Peter Antony",25/03/2025,6600
2025 Federal Election,Climate 200 Pty Limited,"KUSS, Anita",25/03/2025,6600
2025 Federal Election,Climate 200 Pty Limited,"DYSON, Alexander Edward",27/03/2025,65000
2025 Federal Election,Climate 200 Pty Limited,"HEISE, Carolyn Gai",27/03/2025,180000
2025 Federal Election,Climate 200 Pty Limited,"HOOK, Kathleen Louise",27/03/2025,50000
2025 Federal Election,Climate 200 Pty Limited,"LEONARD, Deborah Louise",27/03/2025,55000
2025 Federal Election,Climate 200 Pty Limited,"SMITH, Benjamin John",27/03/2025,74000
2025 Federal Election,Climate 200 Pty Limited,"DANIEL, Zoe",28/03/2025,3326
2025 Federal Election,Climate 200 Pty Limited,"DYSON, Alexander Edward",28/03/2025,3326
2025 Federal Election,Climate 200 Pty Limited,"HOOK, Kathleen Louise",28/03/2025,3326
2025 Federal Election,Climate 200 Pty Limited,"HULETT, Kate Jane",28/03/2025,30000
2025 Federal Election,Climate 200 Pty Limited,"LEONARD, Deborah Louise",28/03/2025,3326
2025 Federal Election,Climate 200 Pty Limited,"MURRAY-BARTLETT, Erchana",28/03/2025,3326
2025 Federal Election,Climate 200 Pty Limited,"SCAMPS, Sophie Anna",28/03/2025,3326
2025 Federal Election,Climate 200 Pty Limited,"SCOTT, Phillip Stephen",28/03/2025,20000
2025 Federal Election,Climate 200 Pty Limited,"SMITH, Benjamin John",28/03/2025,3326
2025 Federal Election,Climate 200 Pty Limited,"SMITH, Eleanor",28/03/2025,3326
2025 Federal Election,Climate 200 Pty Limited,"CHAPMAN, Susan Margaret",31/03/2025,195228
2025 Federal Election,Climate 200 Pty Limited,"DYSON, Alexander Edward",31/03/2025,306804
2025 Federal Election,Climate 200 Pty Limited,"HOOK, Kathleen Louise",31/03/2025,29294
2025 Federal Election,Climate 200 Pty Limited,"JONES, Keryn Louise",31/03/2025,8297
2025 Federal Election,Climate 200 Pty Limited,"LEONARD, Deborah Louise",31/03/2025,287192
2025 Federal Election,Climate 200 Pty Limited,"MILLER, Jeremy John",31/03/2025,11162
2025 Federal Election,Climate 200 Pty Limited,"ROLFE, Jenny Lee",31/03/2025,5524
2025 Federal Election,Climate 200 Pty Limited,"SMITH, Benjamin John",31/03/2025,87405
2025 Federal Election,Climate 200 Pty Limited,"BARTON, Nathan",1/04/2025,12650
2025 Federal Election,Climate 200 Pty Limited,"BROWN, Tina",1/04/2025,14926
2025 Federal Election,Climate 200 Pty Limited,"CHAPMAN, Susan Margaret",1/04/2025,13369
2025 Federal Election,Climate 200 Pty Limited,"HOLT, Suzanne Jan",1/04/2025,15529
2025 Federal Election,Climate 200 Pty Limited,"HOOK, Kathleen Louise",1/04/2025,16719
2025 Federal Election,Climate 200 Pty Limited,"JONES, Keryn Louise",1/04/2025,14580
2025 Federal Election,Climate 200 Pty Limited,"KUSS, Anita",1/04/2025,17484
2025 Federal Election,Climate 200 Pty Limited,"SCOTT, Phillip Stephen",1/04/2025,13915
2025 Federal Election,Climate 200 Pty Limited,"WIIG, Francine Clare",1/04/2025,15423
2025 Federal Election,Climate 200 Pty Limited,"CHANEY, Katherine Ella",3/04/2025,6000
2025 Federal Election,Climate 200 Pty Limited,"DANIEL, Zoe",3/04/2025,50000
2025 Federal Election,Climate 200 Pty Limited,"DYSON, Alexander Edward",3/04/2025,70000
2025 Federal Election,Climate 200 Pty Limited,"HEISE, Carolyn Gai",3/04/2025,100000
2025 Federal Election,Climate 200 Pty Limited,"HOOK, Kathleen Louise",3/04/2025,25000
2025 Federal Election,Climate 200 Pty Limited,"JONES, Keryn Louise",3/04/2025,25000
2025 Federal Election,Climate 200 Pty Limited,"MURRAY-BARTLETT, Erchana",3/04/2025,30000
2025 Federal Election,Climate 200 Pty Limited,"SCAMPS, Sophie Anna",3/04/2025,50000
2025 Federal Election,Climate 200 Pty Limited,"SMITH, Benjamin John",3/04/2025,50000
2025 Federal Election,Climate 200 Pty Limited,"SMITH, Eleanor",3/04/2025,30000
2025 Federal Election,Climate 200 Pty Limited,"DANIEL, Zoe",6/04/2025,165
2025 Federal Election,Climate 200 Pty Limited,"LEONARD, Deborah Louise",6/04/2025,165
2025 Federal Election,Climate 200 Pty Limited,"MURRAY-BARTLETT, Erchana",6/04/2025,165
2025 Federal Election,Climate 200 Pty Limited,"SCAMPS, Sophie Anna",6/04/2025,165
2025 Federal Election,Climate 200 Pty Limited,"SMITH, Benjamin John",6/04/2025,165
2025 Federal Election,Climate 200 Pty Limited,"SMITH, Eleanor",6/04/2025,165
2025 Federal Election,Climate 200 Pty Limited,"DYSON, Alexander Edward",9/04/2025,45000
2025 Federal Election,Climate 200 Pty Limited,"HOOK, Kathleen Louise",9/04/2025,25000
2025 Federal Election,Climate 200 Pty Limited,"BARTON, Nathan",10/04/2025,20000
2025 Federal Election,Climate 200 Pty Limited,"BROWN, Tina",10/04/2025,15000
2025 Federal Election,Climate 200 Pty Limited,"DANIEL, Zoe",10/04/2025,2200
2025 Federal Election,Climate 200 Pty Limited,"DYSON, Alexander Edward",10/04/2025,2200
2025 Federal Election,Climate 200 Pty Limited,"LEONARD, Deborah Louise",10/04/2025,2200
2025 Federal Election,Climate 200 Pty Limited,"MURRAY-BARTLETT, Erchana",10/04/2025,50000
2025 Federal Election,Climate 200 Pty Limited,"MURRAY-BARTLETT, Erchana",10/04/2025,55000
2025 Federal Election,Climate 200 Pty Limited,"PRICE, Jessie Ann",10/04/2025,20000
2025 Federal Election,Climate 200 Pty Limited,"SCAMPS, Sophie Anna",10/04/2025,3300
2025 Federal Election,Climate 200 Pty Limited,"SMITH, Benjamin John",10/04/2025,2200
2025 Federal Election,Climate 200 Pty Limited,"CHANEY, Katherine Ella",11/04/2025,60000
2025 Federal Election,Climate 200 Pty Limited,"COOPER, Verity Jane",11/04/2025,10000
2025 Federal Election,Climate 200 Pty Limited,"MILTHORPE, Michelle Marie",11/04/2025,15000
2025 Federal Election,Climate 200 Pty Limited,"GEORGE, Peter Antony",13/04/2025,35000
2025 Federal Election,Climate 200 Pty Limited,"ARROWSMITH, Nicole",14/04/2025,10000
2025 Federal Election,Climate 200 Pty Limited,"DEZARNAULDS, Katherine Louise",14/04/2025,20000
2025 Federal Election,Climate 200 Pty Limited,"DEZARNAULDS, Katherine Louise",14/04/2025,700
2025 Federal Election,Climate 200 Pty Limited,"NESS, Jessica Helen Jane",14/04/2025,5000
2025 Federal Election,Climate 200 Pty Limited,"ROLFE, Jenny Lee",14/04/2025,10000
2025 Federal Election,Climate 200 Pty Limited,"WIIG, Francine Clare",14/04/2025,15000
2025 Federal Election,Climate 200 Pty Limited,"BARTON, Nathan",15/04/2025,16000
2025 Federal Election,Climate 200 Pty Limited,"DANIEL, Zoe",15/04/2025,20000
2025 Federal Election,Climate 200 Pty Limited,"HOLT, Suzanne Jan",15/04/2025,90000
2025 Federal Election,Climate 200 Pty Limited,"MILLER, Jeremy John",16/04/2025,50000
2025 Federal Election,Climate 200 Pty Limited,"MURRAY-BARTLETT, Erchana",16/04/2025,6050
2025 Federal Election,Climate 200 Pty Limited,"NESS, Jessica Helen Jane",16/04/2025,5000
2025 Federal Election,Climate 200 Pty Limited,"SMITH, Eleanor",16/04/2025,6050
2025 Federal Election,Climate 200 Pty Limited,"WIIG, Francine Clare",16/04/2025,30000
2025 Federal Election,Climate 200 Pty Limited,"HAINES, Helen Mary",17/04/2025,15000
2025 Federal Election,Climate 200 Pty Limited,"MURRAY-BARTLETT, Erchana",17/04/2025,66000
2025 Federal Election,Climate 200 Pty Limited,"SCAMPS, Sophie Anna",17/04/2025,32000
2025 Federal Election,Climate 200 Pty Limited,"DANIEL, Zoe",18/04/2025,50000
2025 Federal Election,Climate 200 Pty Limited,"CHANEY, Katherine Ella",19/04/2025,1100
2025 Federal Election,Climate 200 Pty Limited,"HAINES, Helen Mary",19/04/2025,1100
2025 Federal Election,Climate 200 Pty Limited,"MURRAY-BARTLETT, Erchana",19/04/2025,1100
2025 Federal Election,Climate 200 Pty Limited,"RYAN, Monique Marie",19/04/2025,1100
2025 Federal Election,Climate 200 Pty Limited,"SMITH, Benjamin John",19/04/2025,1100
2025 Federal Election,Climate 200 Pty Limited,"HULETT, Kate Jane",21/04/2025,20000
2025 Federal Election,Climate 200 Pty Limited,"JONES, Keryn Louise",21/04/2025,20000
2025 Federal Election,Climate 200 Pty Limited,"WIIG, Francine Clare",21/04/2025,20000
2025 Federal Election,Climate 200 Pty Limited,"PRICE, Jessie Ann",22/04/2025,1250
2025 Federal Election,Climate 200 Pty Limited,"SCOTT, Phillip Stephen",22/04/2025,1250
2025 Federal Election,Climate 200 Pty Limited,"CHANEY, Katherine Ella",23/04/2025,50000
2025 Federal Election,Climate 200 Pty Limited,"CHAPMAN, Susan Margaret",23/04/2025,24000
2025 Federal Election,Climate 200 Pty Limited,"HEISE, Carolyn Gai",25/04/2025,50000
2025 Federal Election,Climate 200 Pty Limited,"CHANEY, Katherine Ella",28/04/2025,35000
2025 Federal Election,Climate 200 Pty Limited,"CHAPMAN, Susan Margaret",28/04/2025,20000
2025 Federal Election,Climate 200 Pty Limited,"DYSON, Alexander Edward",28/04/2025,57000
2025 Federal Election,Climate 200 Pty Limited,"KUSS, Anita",30/04/2025,10000
2025 Federal Election,Climate 200 Pty Limited,"HULETT, Kate Jane",1/05/2025,10000
2025 Federal Election,Climate 200 Pty Limited,"KUSS, Anita",1/05/2025,8052
2025 Federal Election,Climate 200 Pty Limited,"KUSS, Anita",1/05/2025,7835
2025 Federal Election,Climate 200 Pty Limited,"MILLER, Jeremy John",2/05/2025,15000
2025 Federal Election,Climate 200 Pty Limited,"WILKIE, Andrew Damien",2/05/2025,149
2025 Federal Election,Climate 200 Pty Limited,"LEONARD, Deborah Louise",5/05/2025,106900
2025 Federal Election,Climate 200 Pty Limited,"SMITH, Benjamin John",12/05/2025,105000
2025 Federal Election,Climate 200 Pty Limited,"CHANEY, Katherine Ella",22/05/2025,937
2025 Federal Election,Climate 200 Pty Limited,"HEISE, Carolyn Gai",22/05/2025,897
2025 Federal Election,Climate 200 Pty Limited,"SCAMPS, Sophie Anna",22/05/2025,1102
2025 Federal Election,Climate 200 Pty Limited,"SMITH, Benjamin John",22/05/2025,1062
2025 Federal Election,Climate 200 Pty Limited,"SPENDER, Allegra May",22/05/2025,1219
2025 Federal Election,Climate 200 Pty Limited,"ARROWSMITH, Nicole",1/06/2025,275
2025 Federal Election,Climate 200 Pty Limited,"ARROWSMITH, Nicole",1/06/2025,4114
2025 Federal Election,Climate 200 Pty Limited,"ARROWSMITH, Nicole",1/06/2025,2750
2025 Federal Election,Climate 200 Pty Limited,"BARTON, Nathan",1/06/2025,1391
2025 Federal Election,Climate 200 Pty Limited,"BARTON, Nathan",1/06/2025,275
2025 Federal Election,Climate 200 Pty Limited,"BARTON, Nathan",1/06/2025,2291
2025 Federal Election,Climate 200 Pty Limited,"BARTON, Nathan",1/06/2025,1153
2025 Federal Election,Climate 200 Pty Limited,"BARTON, Nathan",1/06/2025,2750
2025 Federal Election,Climate 200 Pty Limited,"BROWN, Tina",1/06/2025,7260
2025 Federal Election,Climate 200 Pty Limited,"BROWN, Tina",1/06/2025,1153
2025 Federal Election,Climate 200 Pty Limited,"BROWN, Tina",1/06/2025,2750
2025 Federal Election,Climate 200 Pty Limited,"BROWN, Tina",1/06/2025,275
2025 Federal Election,Climate 200 Pty Limited,"CHANEY, Katherine Ella",1/06/2025,3227
2025 Federal Election,Climate 200 Pty Limited,"CHANEY, Katherine Ella",1/06/2025,5082
2025 Federal Election,Climate 200 Pty Limited,"CHAPMAN, Susan Margaret",1/06/2025,2750
2025 Federal Election,Climate 200 Pty Limited,"CHAPMAN, Susan Margaret",1/06/2025,721
2025 Federal Election,Climate 200 Pty Limited,"CHAPMAN, Susan Margaret",1/06/2025,121
2025 Federal Election,Climate 200 Pty Limited,"CHAPMAN, Susan Margaret",1/06/2025,275
2025 Federal Election,Climate 200 Pty Limited,"COOPER, Verity Jane",1/06/2025,2750
2025 Federal Election,Climate 200 Pty Limited,"COOPER, Verity Jane",1/06/2025,4537
2025 Federal Election,Climate 200 Pty Limited,"DANIEL, Zoe",1/06/2025,9500
2025 Federal Election,Climate 200 Pty Limited,"DEZARNAULDS, Katherine Louise",1/06/2025,275
2025 Federal Election,Climate 200 Pty Limited,"DYSON, Alexander Edward",1/06/2025,2750
2025 Federal Election,Climate 200 Pty Limited,"DYSON, Alexander Edward",1/06/2025,9500
2025 Federal Election,Climate 200 Pty Limited,"DYSON, Alexander Edward",1/06/2025,14459
2025 Federal Election,Climate 200 Pty Limited,"DYSON, Alexander Edward",1/06/2025,15000
2025 Federal Election,Climate 200 Pty Limited,"DYSON, Alexander Edward",1/06/2025,2336
2025 Federal Election,Climate 200 Pty Limited,"DYSON, Alexander Edward",1/06/2025,165
2025 Federal Election,Climate 200 Pty Limited,"DYSON, Alexander Edward",1/06/2025,275
2025 Federal Election,Climate 200 Pty Limited,"DYSON, Alexander Edward",1/06/2025,2162
2025 Federal Election,Climate 200 Pty Limited,"FERRES MILES, Claire Jennifer",1/06/2025,275
2025 Federal Election,Climate 200 Pty Limited,"FERRES MILES, Claire Jennifer",1/06/2025,2843
2025 Federal Election,Climate 200 Pty Limited,"FERRES MILES, Claire Jennifer",1/06/2025,2750
2025 Federal Election,Climate 200 Pty Limited,"GEORGE, Peter Antony",1/06/2025,275
2025 Federal Election,Climate 200 Pty Limited,"HAINES, Helen Mary",1/06/2025,2860
2025 Federal Election,Climate 200 Pty Limited,"HAINES, Helen Mary",1/06/2025,4301
2025 Federal Election,Climate 200 Pty Limited,"HEISE, Carolyn Gai",1/06/2025,9438
2025 Federal Election,Climate 200 Pty Limited,"HEISE, Carolyn Gai",1/06/2025,275
2025 Federal Election,Climate 200 Pty Limited,"HEISE, Carolyn Gai",1/06/2025,15000
2025 Federal Election,Climate 200 Pty Limited,"HEISE, Carolyn Gai",1/06/2025,4459
2025 Federal Election,Climate 200 Pty Limited,"HEISE, Carolyn Gai",1/06/2025,2750
2025 Federal Election,Climate 200 Pty Limited,"HEISE, Carolyn Gai",1/06/2025,1585
2025 Federal Election,Climate 200 Pty Limited,"HOLT, Suzanne Jan",1/06/2025,1297
2025 Federal Election,Climate 200 Pty Limited,"HOLT, Suzanne Jan",1/06/2025,275
2025 Federal Election,Climate 200 Pty Limited,"HOLT, Suzanne Jan",1/06/2025,15215
2025 Federal Election,Climate 200 Pty Limited,"HOOK, Kathleen Louise",1/06/2025,4459
2025 Federal Election,Climate 200 Pty Limited,"HOOK, Kathleen Louise",1/06/2025,275
2025 Federal Election,Climate 200 Pty Limited,"HOOK, Kathleen Louise",1/06/2025,7441
2025 Federal Election,Climate 200 Pty Limited,"HOOK, Kathleen Louise",1/06/2025,165
2025 Federal Election,Climate 200 Pty Limited,"HOOK, Kathleen Louise",1/06/2025,2750
2025 Federal Election,Climate 200 Pty Limited,"HOOK, Kathleen Louise",1/06/2025,9500
2025 Federal Election,Climate 200 Pty Limited,"HOOK, Kathleen Louise",1/06/2025,2450
2025 Federal Election,Climate 200 Pty Limited,"JONES, Keryn Louise",1/06/2025,2540
2025 Federal Election,Climate 200 Pty Limited,"JONES, Keryn Louise",1/06/2025,3382
2025 Federal Election,Climate 200 Pty Limited,"JONES, Keryn Louise",1/06/2025,6715
2025 Federal Election,Climate 200 Pty Limited,"JONES, Keryn Louise",1/06/2025,2750
2025 Federal Election,Climate 200 Pty Limited,"JONES, Keryn Louise",1/06/2025,1297
2025 Federal Election,Climate 200 Pty Limited,"JONES, Keryn Louise",1/06/2025,275
2025 Federal Election,Climate 200 Pty Limited,"KUSS, Anita",1/06/2025,3245
2025 Federal Election,Climate 200 Pty Limited,"KUSS, Anita",1/06/2025,721
2025 Federal Election,Climate 200 Pty Limited,"KUSS, Anita",1/06/2025,3146
2025 Federal Election,Climate 200 Pty Limited,"LEONARD, Deborah Louise",1/06/2025,275
2025 Federal Election,Climate 200 Pty Limited,"LEONARD, Deborah Louise",1/06/2025,8167
2025 Federal Election,Climate 200 Pty Limited,"LEONARD, Deborah Louise",1/06/2025,15000
2025 Federal Election,Climate 200 Pty Limited,"LEONARD, Deborah Louise",1/06/2025,2450
2025 Federal Election,Climate 200 Pty Limited,"LEONARD, Deborah Louise",1/06/2025,9500
2025 Federal Election,Climate 200 Pty Limited,"LEONARD, Deborah Louise",1/06/2025,2750
2025 Federal Election,Climate 200 Pty Limited,"MILLER, Jeremy John",1/06/2025,5566
2025 Federal Election,Climate 200 Pty Limited,"MILLER, Jeremy John",1/06/2025,275
2025 Federal Election,Climate 200 Pty Limited,"MILLER, Jeremy John",1/06/2025,1585
2025 Federal Election,Climate 200 Pty Limited,"MILLER, Jeremy John",1/06/2025,2750
2025 Federal Election,Climate 200 Pty Limited,"MILTHORPE, Michelle Marie",1/06/2025,43820
2025 Federal Election,Climate 200 Pty Limited,"MILTHORPE, Michelle Marie",1/06/2025,275
2025 Federal Election,Climate 200 Pty Limited,"MURRAY-BARTLETT, Erchana",1/06/2025,275
2025 Federal Election,Climate 200 Pty Limited,"MURRAY-BARTLETT, Erchana",1/06/2025,2750
2025 Federal Election,Climate 200 Pty Limited,"MURRAY-BARTLETT, Erchana",1/06/2025,7018
2025 Federal Election,Climate 200 Pty Limited,"MURRAY-BARTLETT, Erchana",1/06/2025,9500
2025 Federal Election,Climate 200 Pty Limited,"MURRAY-BARTLETT, Erchana",1/06/2025,15000
2025 Federal Election,Climate 200 Pty Limited,"MURRAY-BARTLETT, Erchana",1/06/2025,19250
2025 Federal Election,Climate 200 Pty Limited,"MURRAY-BARTLETT, Erchana",1/06/2025,19397
2025 Federal Election,Climate 200 Pty Limited,"NESS, Jessica Helen Jane",1/06/2025,275
2025 Federal Election,Climate 200 Pty Limited,"PRICE, Jessie Ann",1/06/2025,275
2025 Federal Election,Climate 200 Pty Limited,"ROLFE, Jenny Lee",1/06/2025,275
2025 Federal Election,Climate 200 Pty Limited,"RYAN, Monique Marie",1/06/2025,2750
2025 Federal Election,Climate 200 Pty Limited,"RYAN, Monique Marie",1/06/2025,1585
2025 Federal Election,Climate 200 Pty Limited,"RYAN, Monique Marie",1/06/2025,7260
2025 Federal Election,Climate 200 Pty Limited,"SCAMPS, Sophie Anna",1/06/2025,26250
2025 Federal Election,Climate 200 Pty Limited,"SCAMPS, Sophie Anna",1/06/2025,24926
2025 Federal Election,Climate 200 Pty Limited,"SCAMPS, Sophie Anna",1/06/2025,9500
2025 Federal Election,Climate 200 Pty Limited,"SCOTT, Phillip Stephen",1/06/2025,275
2025 Federal Election,Climate 200 Pty Limited,"SCOTT, Phillip Stephen",1/06/2025,1153
2025 Federal Election,Climate 200 Pty Limited,"SMITH, Benjamin John",1/06/2025,2043
2025 Federal Election,Climate 200 Pty Limited,"SMITH, Benjamin John",1/06/2025,59500
2025 Federal Election,Climate 200 Pty Limited,"SMITH, Benjamin John",1/06/2025,275
2025 Federal Election,Climate 200 Pty Limited,"SMITH, Benjamin John",1/06/2025,513
2025 Federal Election,Climate 200 Pty Limited,"SMITH, Benjamin John",1/06/2025,721
2025 Federal Election,Climate 200 Pty Limited,"SMITH, Benjamin John",1/06/2025,6413
2025 Federal Election,Climate 200 Pty Limited,"SMITH, Benjamin John",1/06/2025,6703
2025 Federal Election,Climate 200 Pty Limited,"SMITH, Benjamin John",1/06/2025,9500
2025 Federal Election,Climate 200 Pty Limited,"SMITH, Benjamin John",1/06/2025,3382
2025 Federal Election,Climate 200 Pty Limited,"SMITH, Benjamin John",1/06/2025,15000
2025 Federal Election,Climate 200 Pty Limited,"SMITH, Eleanor",1/06/2025,275
2025 Federal Election,Climate 200 Pty Limited,"SMITH, Eleanor",1/06/2025,3630
2025 Federal Election,Climate 200 Pty Limited,"SMITH, Eleanor",1/06/2025,9500
2025 Federal Election,Climate 200 Pty Limited,"SMITH, Eleanor",1/06/2025,17500
2025 Federal Election,Climate 200 Pty Limited,"SMITH, Eleanor",1/06/2025,2495
2025 Federal Election,Climate 200 Pty Limited,"WIIG, Francine Clare",1/06/2025,2201
2025 Federal Election,Climate 200 Pty Limited,"WIIG, Francine Clare",1/06/2025,2750
2025 Federal Election,Climate 200 Pty Limited,"WIIG, Francine Clare",1/06/2025,15215
2025 Federal Election,Climate 200 Pty Limited,"WIIG, Francine Clare",1/06/2025,11555
2025 Federal Election,Climate 200 Pty Limited,"WIIG, Francine Clare",1/06/2025,2750
2025 Federal Election,Climate 200 Pty Limited,"WIIG, Francine Clare",1/06/2025,1873
2025 Federal Election,Climate 200 Pty Limited,"WIIG, Francine Clare",1/06/2025,275
2025 Federal Election,Climate 200 Pty Limited,"DANIEL, Zoe",2/06/2025,40250
2025 Federal Election,"Cochrane, Therese","BOELE, Nicolette",19/06/2024,20000
2025 Federal Election,"Darling, Ian","SPENDER, Allegra May",9/12/2024,100000
2025 Federal Election,DCM Bluelake pty ltd,"SPENDER, Allegra May",6/02/2025,100000
2025 Federal Election,"Douglas, Margaret","HOLT, Suzanne Jan",19/11/2024,5000
2025 Federal Election,"Douglas, Margaret","HOLT, Suzanne Jan",29/11/2024,5000
2025 Federal Election,"Douglas, Margaret","HOLT, Suzanne Jan",1/02/2025,10000
2025 Federal Election,"Douglas, Margaret","HOLT, Suzanne Jan",4/03/2025,6050
2025 Federal Election,"Edgar, Malcolm","HOLT, Suzanne Jan",8/11/2024,25000
2025 Federal Election,"Edgar, Malcolm","HOLT, Suzanne Jan",11/11/2024,10
2025 Federal Election,"Edgar, Malcolm","SMITH, Eleanor",14/02/2025,25000
2025 Federal Election,"Eve Kantor, Mark Wootton and ","DYSON, Alexander Edward",17/11/2024,25000
2025 Federal Election,"Eve Kantor, Mark Wootton and ","DYSON, Alexander Edward",8/03/2025,25000
2025 Federal Election,"Eve Kantor, Mark Wootton and ","DYSON, Alexander Edward",25/03/2025,50000
2025 Federal Election,Extend Your Edge Pty Ltd ,"DANIEL, Zoe",24/02/2025,15000
2025 Federal Election,Extend Your Edge Pty Ltd ,"DANIEL, Zoe",10/04/2025,5000
2025 Federal Election,Fairfax Matters,"WIIG, Francine Clare",21/10/2024,3154
2025 Federal Election,Fairfax Matters,"WIIG, Francine Clare",13/12/2024,405
2025 Federal Election,Fairfax Matters,"WIIG, Francine Clare",23/01/2025,19410
2025 Federal Election,Fairfax Matters,"WIIG, Francine Clare",4/02/2025,2000
2025 Federal Election,Fairfax Matters,"WIIG, Francine Clare",19/02/2025,282
2025 Federal Election,Fairfax Matters,"WIIG, Francine Clare",31/03/2025,270
2025 Federal Election,Future Blue Australia Ptd Ltd,"WIIG, Francine Clare",17/02/2025,25000
2025 Federal Election,"Gee, Melva","GEE, Andrew Robert",31/12/2024,1100
2025 Federal Election,"Gee, Melva","GEE, Andrew Robert",21/02/2025,5573
2025 Federal Election,"Gee, Melva","GEE, Andrew Robert",12/04/2025,10000
2025 Federal Election,"Gee, Melva","GEE, Andrew Robert",22/04/2025,10000
2025 Federal Election,"Goodacre, John","CHANEY, Katherine Ella",12/08/2024,10000
2025 Federal Election,"Goodacre, John","CHANEY, Katherine Ella",4/03/2025,10000
2025 Federal Election,Green Energy Trading Pty Ltd,"RYAN, Monique Marie",20/09/2024,30000
2025 Federal Election,Green Energy Trading Pty Ltd,"RYAN, Monique Marie",16/10/2024,40000
2025 Federal Election,"Grugeon, Hilton","GEE, Andrew Robert",14/03/2025,20000
2025 Federal Election,"Hargrave, Ruth Elizabeth","RYAN, Monique Marie",18/11/2024,5000
2025 Federal Election,"Hargrave, Ruth Elizabeth","RYAN, Monique Marie",22/01/2025,250
2025 Federal Election,"Hargrave, Ruth Elizabeth","RYAN, Monique Marie",28/03/2025,15000
2025 Federal Election,"Hargrave, Ruth Elizabeth","RYAN, Monique Marie",7/04/2025,10000
2025 Federal Election,"Harris, Lois","SPENDER, Allegra May",10/02/2025,20000
2025 Federal Election,"Hempton, John","SCAMPS, Sophie Anna",28/10/2024,10000
2025 Federal Election,"Hempton, John","SCAMPS, Sophie Anna",17/02/2025,20500
2025 Federal Election,"Hill, Stephen","DANIEL, Zoe",4/07/2024,10000
2025 Federal Election,"Hill, Stephen","DANIEL, Zoe",24/04/2025,20000
2025 Federal Election,"Hill, Stephen","RYAN, Monique Marie",27/04/2025,20000
2025 Federal Election,"Holmes a Court, Janet","CHANEY, Katherine Ella",2/08/2024,2500
2025 Federal Election,"Holmes a Court, Janet","CHANEY, Katherine Ella",13/12/2024,15000
2025 Federal Election,"Horin, Roslyn","SPENDER, Allegra May",5/12/2024,25000
2025 Federal Election,Josseck Pty Ltd,"HEISE, Carolyn Gai",9/12/2024,25000
2025 Federal Election,Josseck Pty Ltd,"CHANEY, Katherine Ella",16/02/2025,25000
2025 Federal Election,Josseck Pty Ltd,"HAINES, Helen Mary",14/04/2025,18000
2025 Federal Election,Keep Them Honest Pty Ltd,"DANIEL, Zoe",17/09/2024,16000
2025 Federal Election,Keep Them Honest Pty Ltd,"HEISE, Carolyn Gai",1/12/2024,50000
2025 Federal Election,Keep Them Honest Pty Ltd,"SPENDER, Allegra May",5/12/2024,50000
2025 Federal Election,Keep Them Honest Pty Ltd,"RYAN, Monique Marie",9/12/2024,50000
2025 Federal Election,Keep Them Honest Pty Ltd,"CHANEY, Katherine Ella",11/12/2024,50000
2025 Federal Election,Keep Them Honest Pty Ltd,"SCAMPS, Sophie Anna",19/12/2024,50000
2025 Federal Election,Keep Them Honest Pty Ltd,"DANIEL, Zoe",21/12/2024,50000
2025 Federal Election,Keep Them Honest Pty Ltd,"STEGGALL, Zali",22/12/2024,50000
2025 Federal Election,Keep Them Honest Pty Ltd,"DYSON, Alexander Edward",22/01/2025,50000
2025 Federal Election,Keep Them Honest Pty Ltd,"LEONARD, Deborah Louise",3/02/2025,16900
2025 Federal Election,Keep Them Honest Pty Ltd,"SMITH, Benjamin John",7/02/2025,5000
2025 Federal Election,Keep Them Honest Pty Ltd,"SMITH, Benjamin John",8/02/2025,11900
2025 Federal Election,Keep Them Honest Pty Ltd,"CHANEY, Katherine Ella",18/02/2025,25000
2025 Federal Election,Keep Them Honest Pty Ltd,"SMITH, Benjamin John",29/03/2025,33100
2025 Federal Election,Keep Them Honest Pty Ltd,"DYSON, Alexander Edward",30/03/2025,25000
2025 Federal Election,Keep Them Honest Pty Ltd,"HEISE, Carolyn Gai",31/03/2025,25000
2025 Federal Election,Keep Them Honest Pty Ltd,"LEONARD, Deborah Louise",9/04/2025,33100
2025 Federal Election,Keldoulis Investments Pty Limited,"MURRAY-BARTLETT, Erchana",12/11/2024,75000
2025 Federal Election,Keldoulis Investments Pty Limited,"SPENDER, Allegra May",18/11/2024,100000
2025 Federal Election,Keldoulis Investments Pty Limited,"HEISE, Carolyn Gai",3/12/2024,50000
2025 Federal Election,Keldoulis Investments Pty Limited,"HEISE, Carolyn Gai",3/12/2024,50000
2025 Federal Election,Keldoulis Investments Pty Limited,"DYSON, Alexander Edward",23/12/2024,50000
2025 Federal Election,Keldoulis Investments Pty Limited,"HEISE, Carolyn Gai",23/12/2024,50000
2025 Federal Election,Keldoulis Investments Pty Limited,"HOOK, Kathleen Louise",23/12/2024,50000
2025 Federal Election,Keldoulis Investments Pty Limited,"LEONARD, Deborah Louise",23/12/2024,50000
2025 Federal Election,Keldoulis Investments Pty Limited,"MURRAY-BARTLETT, Erchana",23/12/2024,50000
2025 Federal Election,Keldoulis Investments Pty Limited,"SMITH, Benjamin John",23/12/2024,50000
2025 Federal Election,Keldoulis Investments Pty Limited,"DEZARNAULDS, Katherine Louise",18/02/2025,20000
2025 Federal Election,Keldoulis Investments Pty Limited,"CHANEY, Katherine Ella",1/03/2025,50000
2025 Federal Election,Keldoulis Investments Pty Limited,"SCAMPS, Sophie Anna",1/03/2025,100000
2025 Federal Election,Keldoulis Investments Pty Limited,"SMITH, Eleanor",1/03/2025,50000
2025 Federal Election,Keldoulis Investments Pty Limited,"DANIEL, Zoe",3/03/2025,40000
2025 Federal Election,Keldoulis Investments Pty Limited,"MURRAY-BARTLETT, Erchana",3/03/2025,25000
2025 Federal Election,Keldoulis Investments Pty Limited,"SMITH, Eleanor",3/03/2025,50000
2025 Federal Election,Keldoulis Investments Pty Limited,"MURRAY-BARTLETT, Erchana",4/03/2025,25000
2025 Federal Election,Keldoulis Investments Pty Limited,"GEORGE, Peter Antony",5/03/2025,50000
2025 Federal Election,Keldoulis Investments Pty Limited,"HEISE, Carolyn Gai",17/03/2025,20000
2025 Federal Election,Keldoulis Investments Pty Limited,"DANIEL, Zoe",18/03/2025,60000
2025 Federal Election,Keldoulis Investments Pty Limited,"HAINES, Helen Mary",26/03/2025,30000
2025 Federal Election,Keldoulis Investments Pty Limited,"DYSON, Alexander Edward",27/03/2025,181726
2025 Federal Election,Keldoulis Investments Pty Limited,"HOLT, Suzanne Jan",27/03/2025,55000
2025 Federal Election,Keldoulis Investments Pty Limited,"HOOK, Kathleen Louise",27/03/2025,55000
2025 Federal Election,Keldoulis Investments Pty Limited,"JONES, Keryn Louise",27/03/2025,55000
2025 Federal Election,Keldoulis Investments Pty Limited,"KUSS, Anita",27/03/2025,81806
2025 Federal Election,Keldoulis Investments Pty Limited,"LEONARD, Deborah Louise",27/03/2025,97400
2025 Federal Election,Keldoulis Investments Pty Limited,"MILLER, Jeremy John",27/03/2025,77000
2025 Federal Election,Keldoulis Investments Pty Limited,"WIIG, Francine Clare",27/03/2025,52380
2025 Federal Election,Keldoulis Investments Pty Limited,"DEZARNAULDS, Katherine Louise",4/04/2025,20000
2025 Federal Election,Keldoulis Investments Pty Limited,"MURRAY-BARTLETT, Erchana",4/04/2025,75000
2025 Federal Election,Keldoulis Investments Pty Limited,"BROWN, Tina",16/05/2025,28800
2025 Federal Election,Keldoulis Investments Pty Limited,"CHANEY, Katherine Ella",16/05/2025,27170
2025 Federal Election,Keldoulis Investments Pty Limited,"CHAPMAN, Susan Margaret",16/05/2025,68468
2025 Federal Election,Keldoulis Investments Pty Limited,"DANIEL, Zoe",16/05/2025,16302
2025 Federal Election,Keldoulis Investments Pty Limited,"DYSON, Alexander Edward",16/05/2025,122808
2025 Federal Election,Keldoulis Investments Pty Limited,"HAINES, Helen Mary",16/05/2025,27170
2025 Federal Election,Keldoulis Investments Pty Limited,"HEISE, Carolyn Gai",16/05/2025,101072
2025 Federal Election,Keldoulis Investments Pty Limited,"HOOK, Kathleen Louise",16/05/2025,39668
2025 Federal Election,Keldoulis Investments Pty Limited,"JONES, Keryn Louise",16/05/2025,6521
2025 Federal Election,Keldoulis Investments Pty Limited,"KUSS, Anita",16/05/2025,21736
2025 Federal Election,Keldoulis Investments Pty Limited,"LEONARD, Deborah Louise",16/05/2025,104876
2025 Federal Election,Keldoulis Investments Pty Limited,"MILLER, Jeremy John",16/05/2025,19562
2025 Federal Election,Keldoulis Investments Pty Limited,"RYAN, Monique Marie",16/05/2025,35864
2025 Federal Election,Keldoulis Investments Pty Limited,"SCAMPS, Sophie Anna",16/05/2025,10868
2025 Federal Election,Keldoulis Investments Pty Limited,"SMITH, Benjamin John",16/05/2025,110854
2025 Federal Election,Keldoulis Investments Pty Limited,"WIIG, Francine Clare",16/05/2025,6521
2025 Federal Election,"Keldoulis, Robert","JONES, Keryn Louise",10/04/2025,50000
2025 Federal Election,"Keldoulis, Robert","LEONARD, Deborah Louise",10/04/2025,35000
2025 Federal Election,"Keldoulis, Robert","SMITH, Benjamin John",10/04/2025,30000
2025 Federal Election,"Keldoulis, Robert","DANIEL, Zoe",11/04/2025,80000
2025 Federal Election,"Keldoulis, Robert","HOOK, Kathleen Louise",11/04/2025,130000
2025 Federal Election,"Keldoulis, Robert","HULETT, Kate Jane",11/04/2025,50000
2025 Federal Election,"Keldoulis, Robert","KUSS, Anita",12/04/2025,100000
2025 Federal Election,"Keldoulis, Robert","MILLER, Jeremy John",12/04/2025,150000
2025 Federal Election,"Keldoulis, Robert","SCAMPS, Sophie Anna",13/04/2025,80000
2025 Federal Election,"Kierce, Adam","RYAN, Monique Marie",2/03/2025,25000
2025 Federal Election,"Krups, Matthias","STEGGALL, Zali",13/11/2024,5000
2025 Federal Election,"Krups, Matthias","STEGGALL, Zali",13/02/2025,5000
2025 Federal Election,"Krups, Matthias","SCAMPS, Sophie Anna",14/02/2025,1045
2025 Federal Election,"Krups, Matthias","SCAMPS, Sophie Anna",15/02/2025,1045
2025 Federal Election,"Krups, Matthias","STEGGALL, Zali",21/02/2025,25000
2025 Federal Election,"Krups, Matthias","SCAMPS, Sophie Anna",4/03/2025,25000
2025 Federal Election,"Krups, Matthias","SCAMPS, Sophie Anna",15/03/2025,1045
2025 Federal Election,"Krups, Matthias","SCAMPS, Sophie Anna",15/04/2025,1045
2025 Federal Election,"Krups, Matthias","SCAMPS, Sophie Anna",15/05/2025,1045
2025 Federal Election,"Landy, Sharon","DANIEL, Zoe",7/04/2025,20000
2025 Federal Election,"Leonard, Jennifer","LEONARD, Deborah Louise",7/01/2024,10
2025 Federal Election,"Leonard, Jennifer","LEONARD, Deborah Louise",1/08/2024,5000
2025 Federal Election,"Leonard, Jennifer","LEONARD, Deborah Louise",4/09/2024,51
2025 Federal Election,"Leonard, Jennifer","LEONARD, Deborah Louise",23/09/2024,10
2025 Federal Election,"Leonard, Jennifer","LEONARD, Deborah Louise",24/09/2024,10
2025 Federal Election,"Leonard, Jennifer","LEONARD, Deborah Louise",10/10/2024,5000
2025 Federal Election,"Leonard, Jennifer","LEONARD, Deborah Louise",30/10/2024,25000
2025 Federal Election,"Leonard, Jennifer","LEONARD, Deborah Louise",16/12/2024,10
2025 Federal Election,"Leonard, Tony","LEONARD, Deborah Louise",2/08/2024,5000
2025 Federal Election,"Leonard, Tony","LEONARD, Deborah Louise",10/10/2024,5000
2025 Federal Election,"Leonard, Tony","LEONARD, Deborah Louise",31/10/2024,20000
2025 Federal Election,"Leonard, Tony","LEONARD, Deborah Louise",1/11/2024,20000
2025 Federal Election,"Malone, Sabrina","HOLT, Suzanne Jan",20/02/2025,50000
2025 Federal Election,"Manos, William","SPENDER, Allegra May",11/03/2025,50000
2025 Federal Election,"MICHAEL, Rob","RYAN, Monique Marie",4/11/2024,10000
2025 Federal Election,"MICHAEL, Rob","RYAN, Monique Marie",11/12/2024,15000
2025 Federal Election,"Mills, Julie A","SCAMPS, Sophie Anna",16/07/2024,5000
2025 Federal Election,"Mills, Julie A","SCAMPS, Sophie Anna",1/10/2024,5000
2025 Federal Election,"Mills, Julie A","SCAMPS, Sophie Anna",5/02/2025,5000
2025 Federal Election,"Mills, Julie A","SCAMPS, Sophie Anna",18/04/2025,5000
2025 Federal Election,"Moth, Jacqueline","RYAN, Monique Marie",24/07/2024,3500
2025 Federal Election,"Moth, Jacqueline","RYAN, Monique Marie",13/09/2024,2000
2025 Federal Election,"Moth, Jacqueline","RYAN, Monique Marie",21/10/2024,1500
2025 Federal Election,"Moth, Jacqueline","RYAN, Monique Marie",10/01/2025,5000
2025 Federal Election,"Moth, Jacqueline","RYAN, Monique Marie",28/03/2025,6000
2025 Federal Election,New Regime Pty Ltd,"HULETT, Kate Jane",27/03/2025,100000
2025 Federal Election,New Regime Pty Ltd,"HULETT, Kate Jane",21/04/2025,30000
2025 Federal Election,New Regime Pty Ltd,"HULETT, Kate Jane",30/04/2025,5000
2025 Federal Election,Pater Investments Pty Ltd,"CHAPMAN, Susan Margaret",15/01/2024,10000
2025 Federal Election,Pater Investments Pty Ltd,"CHAPMAN, Susan Margaret",1/12/2024,10000
2025 Federal Election,Pater Investments Pty Ltd,"CHAPMAN, Susan Margaret",2/02/2025,10000
2025 Federal Election,Pater Investments Pty Ltd,"CHAPMAN, Susan Margaret",14/02/2025,100000
2025 Federal Election,"Pater, Norman","GEORGE, Peter Antony",15/03/2025,100000
2025 Federal Election,Playcorp Group of Companies Pty Ltd,"KOUTOUFIDES, Anthony",21/03/2025,50000
2025 Federal Election,Polka Dot Ventures Pty Ltd,"LE, Dai Trang",5/03/2025,25000
2025 Federal Election,Polka Dot Ventures Pty Ltd,"LE, Dai Trang",30/04/2025,25000
2025 Federal Election,"Purves, Robert","SCAMPS, Sophie Anna",19/02/2025,35000
2025 Federal Election,"Purves, Robert","STEGGALL, Zali",19/02/2025,50000
2025 Federal Election,RACAT Group Pty Limited,"SPENDER, Allegra May",20/02/2025,50000
2025 Federal Election,"Reed, Tim","SPENDER, Allegra May",1/04/2025,12500
2025 Federal Election,"Reed, Tim","STEGGALL, Zali",1/04/2025,25000
2025 Federal Election,"Reed, Tim","SPENDER, Allegra May",2/04/2025,12500
2025 Federal Election,"Reed, Tim","SPENDER, Allegra May",3/04/2025,12500
2025 Federal Election,"Reed, Tim","SPENDER, Allegra May",4/04/2025,12500
2025 Federal Election,"Refshauge, Kathryn","SPENDER, Allegra May",8/11/2024,10000
2025 Federal Election,"Refshauge, Kathryn","SPENDER, Allegra May",21/02/2025,10000
2025 Federal Election,Regional Voices Fund Pty Ltd,"CHAPMAN, Susan Margaret",19/12/2024,20000
2025 Federal Election,Regional Voices Fund Pty Ltd,"DYSON, Alexander Edward",19/12/2024,20000
2025 Federal Election,Regional Voices Fund Pty Ltd,"FERRES MILES, Claire Jennifer",19/12/2024,20000
2025 Federal Election,Regional Voices Fund Pty Ltd,"HOOK, Kathleen Louise",19/12/2024,20000
2025 Federal Election,Regional Voices Fund Pty Ltd,"HOLT, Suzanne Jan",20/12/2024,20000
2025 Federal Election,Regional Voices Fund Pty Ltd,"LEONARD, Deborah Louise",24/12/2024,30000
2025 Federal Election,Regional Voices Fund Pty Ltd,"MILTHORPE, Michelle Marie",24/12/2024,30000
2025 Federal Election,Regional Voices Fund Pty Ltd,"HAINES, Helen Mary",6/01/2025,30000
2025 Federal Election,Regional Voices Fund Pty Ltd,"KUSS, Anita",29/01/2025,30000
2025 Federal Election,Regional Voices Fund Pty Ltd,"MILLER, Jeremy John",29/01/2025,30000
2025 Federal Election,Regional Voices Fund Pty Ltd,"ROLFE, Jenny Lee",29/01/2025,20000
2025 Federal Election,Regional Voices Fund Pty Ltd,"SMITH, Benjamin John",29/01/2025,30000
2025 Federal Election,Regional Voices Fund Pty Ltd,"CHAPMAN, Susan Margaret",11/04/2025,15000
2025 Federal Election,Regional Voices Fund Pty Ltd,"HAINES, Helen Mary",11/04/2025,15000
2025 Federal Election,Regional Voices Fund Pty Ltd,"HOOK, Kathleen Louise",11/04/2025,15000
2025 Federal Election,Regional Voices Fund Pty Ltd,"KUSS, Anita",11/04/2025,15000
2025 Federal Election,Regional Voices Fund Pty Ltd,"LEONARD, Deborah Louise",11/04/2025,10000
2025 Federal Election,Regional Voices Fund Pty Ltd,"SMITH, Benjamin John",11/04/2025,15000
2025 Federal Election,Regional Voices Fund Pty Ltd,"CHAPMAN, Susan Margaret",17/04/2025,10000
2025 Federal Election,Regional Voices Fund Pty Ltd,"FERRES MILES, Claire Jennifer",17/04/2025,5000
2025 Federal Election,Regional Voices Fund Pty Ltd,"HAINES, Helen Mary",17/04/2025,10000
2025 Federal Election,Regional Voices Fund Pty Ltd,"HOLT, Suzanne Jan",17/04/2025,10000
2025 Federal Election,Regional Voices Fund Pty Ltd,"HOOK, Kathleen Louise",17/04/2025,5000
2025 Federal Election,Regional Voices Fund Pty Ltd,"MILLER, Jeremy John",17/04/2025,10000
2025 Federal Election,Regional Voices Fund Pty Ltd,"SMITH, Benjamin John",17/04/2025,10000
2025 Federal Election,Regional Voices Fund Pty Ltd,"KUSS, Anita",24/04/2025,5000
2025 Federal Election,"Saunders, Katharine","STEGGALL, Zali",17/11/2024,10000
2025 Federal Election,"Saunders, Katharine","STEGGALL, Zali",14/02/2025,10000
2025 Federal Election,"Simpson, Andrew","RYAN, Monique Marie",18/11/2024,10000
2025 Federal Election,"Simpson, Andrew","RYAN, Monique Marie",21/03/2025,12000
2025 Federal Election,"Simpson, Andrew","RYAN, Monique Marie",26/04/2025,1500
2025 Federal Election,"Skrzynski, Joseph","SPENDER, Allegra May",4/12/2024,25000
2025 Federal Election,"Snape, Brian","RYAN, Monique Marie",14/11/2024,20000
2025 Federal Election,"Snape, Brian","RYAN, Monique Marie",15/11/2024,20000
2025 Federal Election,"Snape, Brian","RYAN, Monique Marie",16/11/2024,10000
2025 Federal Election,"Snape, Brian","RYAN, Monique Marie",24/03/2025,3000
2025 Federal Election,"Snape, Brian","RYAN, Monique Marie",9/04/2025,5000
2025 Federal Election,"Spiller, Greg","LEONARD, Deborah Louise",15/11/2024,25000
2025 Federal Election,"Stephen Moir, Carolyn Loton and","HEISE, Carolyn Gai",7/12/2024,20000
2025 Federal Election,"Stewart, Andrew David","JONES, Keryn Louise",30/01/2025,950
2025 Federal Election,"Stewart, Andrew David","JONES, Keryn Louise",4/02/2025,20000
2025 Federal Election,"Stewart, Andrew David","JONES, Keryn Louise",27/02/2025,9900
2025 Federal Election,The Good Party,"PARKER, Elsa Rose Binti",5/05/2025,5926
2025 Federal Election,The Good Party,"PARKER, Elsa Rose Binti",5/05/2025,456
2025 Federal Election,The Good Party,"PARKER, Elsa Rose Binti",5/05/2025,1678
2025 Federal Election,The Good Party,"PARKER, Elsa Rose Binti",5/05/2025,17937
2025 Federal Election,"Turnbull, Alexander","SPENDER, Allegra May",27/02/2025,25000
2025 Federal Election,"Tyler, Hilary","KENNY, Quinton",2/04/2025,10000
2025 Federal Election,"Tyler, Hilary","KENNY, Quinton",9/04/2025,10000
2025 Federal Election,"Tyler, Hilary","KENNY, Quinton",25/04/2025,5000
2025 Federal Election,VIDA IMPACT FUND PTY LTD,"HEISE, Carolyn Gai",18/02/2025,10200
2025 Federal Election,VIDA IMPACT FUND PTY LTD,"LEONARD, Deborah Louise",18/02/2025,10000
2025 Federal Election,VIDA IMPACT FUND PTY LTD,"SCAMPS, Sophie Anna",19/02/2025,10140
2025 Federal Election,VIDA IMPACT FUND PTY LTD,"BOELE, Nicolette",21/02/2025,10140
2025 Federal Election,VIDA IMPACT FUND PTY LTD,"BOELE, Nicolette",26/02/2025,2535
2025 Federal Election,VIDA IMPACT FUND PTY LTD,"HEISE, Carolyn Gai",26/02/2025,2535
2025 Federal Election,VIDA IMPACT FUND PTY LTD,"LEONARD, Deborah Louise",26/02/2025,2535
2025 Federal Election,VIDA IMPACT FUND PTY LTD,"SCAMPS, Sophie Anna",26/02/2025,2535
2025 Federal Election,VIDA IMPACT FUND PTY LTD,"MURRAY-BARTLETT, Erchana",28/02/2025,5000
2025 Federal Election,VIDA IMPACT FUND PTY LTD,"CHANEY, Katherine Ella",10/03/2025,5000
2025 Federal Election,VIDA IMPACT FUND PTY LTD,"DANIEL, Zoe",11/03/2025,5000
2025 Federal Election,VIDA IMPACT FUND PTY LTD,"BOELE, Nicolette",13/03/2025,1173
2025 Federal Election,VIDA IMPACT FUND PTY LTD,"CHANEY, Katherine Ella",13/03/2025,1114
2025 Federal Election,VIDA IMPACT FUND PTY LTD,"DANIEL, Zoe",13/03/2025,1113
2025 Federal Election,VIDA IMPACT FUND PTY LTD,"HEISE, Carolyn Gai",13/03/2025,1113
2025 Federal Election,VIDA IMPACT FUND PTY LTD,"LEONARD, Deborah Louise",13/03/2025,1314
2025 Federal Election,VIDA IMPACT FUND PTY LTD,"MURRAY-BARTLETT, Erchana",13/03/2025,1113
2025 Federal Election,VIDA IMPACT FUND PTY LTD,"SCAMPS, Sophie Anna",13/03/2025,3000
2025 Federal Election,VIDA IMPACT FUND PTY LTD,"SCAMPS, Sophie Anna",13/03/2025,60
2025 Federal Election,VIDA IMPACT FUND PTY LTD,"CHANEY, Katherine Ella",25/03/2025,7500
2025 Federal Election,VIDA IMPACT FUND PTY LTD,"DANIEL, Zoe",25/03/2025,7500
2025 Federal Election,VIDA IMPACT FUND PTY LTD,"CHAPMAN, Susan Margaret",26/03/2025,9899
2025 Federal Election,VIDA IMPACT FUND PTY LTD,"MURRAY-BARTLETT, Erchana",26/03/2025,3786
2025 Federal Election,VIDA IMPACT FUND PTY LTD,"SMITH, Eleanor",31/03/2025,10000
2025 Federal Election,VIDA IMPACT FUND PTY LTD,"CHANEY, Katherine Ella",2/04/2025,18500
2025 Federal Election,VIDA IMPACT FUND PTY LTD,"DANIEL, Zoe",2/04/2025,18500
2025 Federal Election,VIDA IMPACT FUND PTY LTD,"HEISE, Carolyn Gai",3/04/2025,14000
2025 Federal Election,VIDA IMPACT FUND PTY LTD,"LEONARD, Deborah Louise",3/04/2025,14000
2025 Federal Election,VIDA IMPACT FUND PTY LTD,"CHANEY, Katherine Ella",4/04/2025,22886
2025 Federal Election,VIDA IMPACT FUND PTY LTD,"DANIEL, Zoe",4/04/2025,22887
2025 Federal Election,VIDA IMPACT FUND PTY LTD,"HAINES, Helen Mary",4/04/2025,4226
2025 Federal Election,VIDA IMPACT FUND PTY LTD,"RYAN, Monique Marie",5/04/2025,20000
2025 Federal Election,VIDA IMPACT FUND PTY LTD,"HAINES, Helen Mary",7/04/2025,12000
2025 Federal Election,VIDA IMPACT FUND PTY LTD,"CHAPMAN, Susan Margaret",10/04/2025,7151
2025 Federal Election,VIDA IMPACT FUND PTY LTD,"HAINES, Helen Mary",10/04/2025,13774
2025 Federal Election,VIDA IMPACT FUND PTY LTD,"MURRAY-BARTLETT, Erchana",10/04/2025,4401
2025 Federal Election,VIDA IMPACT FUND PTY LTD,"CHAPMAN, Susan Margaret",14/04/2025,12950
2025 Federal Election,VIDA IMPACT FUND PTY LTD,"HEISE, Carolyn Gai",14/04/2025,2152
2025 Federal Election,VIDA IMPACT FUND PTY LTD,"LEONARD, Deborah Louise",14/04/2025,2151
2025 Federal Election,VIDA IMPACT FUND PTY LTD,"SMITH, Eleanor",14/04/2025,8000
2025 Federal Election,VIDA IMPACT FUND PTY LTD,"JONES, Keryn Louise",15/04/2025,18000
2025 Federal Election,VIDA IMPACT FUND PTY LTD,"BOELE, Nicolette",16/04/2025,6152
2025 Federal Election,VIDA IMPACT FUND PTY LTD,"CHANEY, Katherine Ella",16/04/2025,10000
2025 Federal Election,VIDA IMPACT FUND PTY LTD,"HEISE, Carolyn Gai",16/04/2025,3000
2025 Federal Election,VIDA IMPACT FUND PTY LTD,"HAINES, Helen Mary",24/04/2025,10000
2025 Federal Election,VIDA IMPACT FUND PTY LTD,"HAINES, Helen Mary",24/04/2025,2000
2025 Federal Election,VIDA IMPACT FUND PTY LTD,"CHAPMAN, Susan Margaret",30/04/2025,1011
2025 Federal Election,VIDA IMPACT FUND PTY LTD,"DANIEL, Zoe",30/04/2025,5000
2025 Federal Election,VIDA IMPACT FUND PTY LTD,"HEISE, Carolyn Gai",30/04/2025,1000
2025 Federal Election,VIDA IMPACT FUND PTY LTD,"MURRAY-BARTLETT, Erchana",30/04/2025,3700
2025 Federal Election,VIDA IMPACT FUND PTY LTD,"SCAMPS, Sophie Anna",30/04/2025,4265
2025 Federal Election,VIDA IMPACT FUND PTY LTD,"HEISE, Carolyn Gai",2/05/2025,506
2025 Federal Election,Voices of Bean Incorporated,"PRICE, Jessie Ann",17/12/2024,18659
2025 Federal Election,"Ward-Ambler, Ian","DANIEL, Zoe",12/03/2025,20000
2025 Federal Election,"Whittingham, Mathew","BROWN, Tina",10/04/2025,50000
2025 Federal Election,"Whittingham, Mathew","BROWN, Tina",26/04/2025,20000
2025 Federal Election,William Taylor Nominees Pty Ltd,"SPENDER, Allegra May",19/08/2024,200000
2025 Federal Election,"Woollard, Frederick","BOELE, Nicolette",3/12/2024,50000
2025 Federal Election,"Woollard, Frederick","BOELE, Nicolette",28/03/2025,25000
2025 Federal Election,Wycombe Services Pty Ltd,"CHANEY, Katherine Ella",5/03/2025,50000